{"_wandb":{"runtime":7408},"train_loss":0.6312365352957692,"val_acc":0.5805217709979614,"epoch":150,"lr":1e-05,"_timestamp":1.7759840982272987e+09,"_step":149,"train_acc":0.6777787594114125,"_runtime":7408,"val_loss":0.6867564073082997,"acc_gap":0.0972569884134511}