{"_timestamp":1.7758374669119954e+09,"_wandb":{"runtime":3334},"epoch":50,"val_loss":-6.180674953216374e+06,"_step":49,"_runtime":3334,"train_loss":-5.953247309045226e+06,"val_acc":0,"train_acc":0}