{"phase":"finetune","lr":2.9699313371006446e-05,"train_acc":0.9321077628501097,"_wandb":{"runtime":1559},"cos_weight":0.14798387096774196,"train_cos_sim":0.5961723519704449,"_timestamp":1.7759872476527393e+09,"val_acc":0.9308836723280232,"loss":0.7385895771522019,"val_loss":0.7389994755125883,"_step":27,"epoch":78,"_runtime":1559,"val_cos_sim":0.5957724614101544,"adapter_frozen":0}