{"train_acc":0.6990949337888114,"_wandb":{"runtime":3596},"val_loss":0.7842225237199437,"epoch":50,"_step":49,"val_acc":0.5513181703657895,"train_loss":0.5403212837912329,"_timestamp":1.7759101890775366e+09,"_runtime":3596}