{"lr":5e-05,"val_loss":0.6931529536581876,"_timestamp":1.7759210916569972e+09,"_step":15,"train_acc":0.5000490816817348,"train_loss":0.6931761354956795,"epoch":16,"val_acc":0.499393023202547,"_runtime":797,"_wandb":{"runtime":797}}