{"adapter_frozen":0,"train_cos_sim":0.6632177093295596,"val_acc":0.8584778709718358,"phase":"finetune","train_mse":0.5845685156071605,"train_acc":0.9449703428688361,"_runtime":2925,"val_cos_sim":0.5881436725108944,"val_mse":0.6900169514773185,"cos_weight":0.24596774193548387,"loss":0.6676484139720399,"val_loss":0.792066075474198,"lr":2.3484060491398397e-05,"epoch":105,"_timestamp":1.775991883843903e+09,"_wandb":{"runtime":2925},"_step":54}