{"val_loss":0.6803551849930786,"_runtime":2655,"_wandb":{"runtime":2655},"_step":49,"epoch":50,"phase":"finetune","loss":0.6797386885587894,"_timestamp":1.7758249366491842e+09}