{"_wandb":{"runtime":4977},"_step":99,"train_loss":0.6290392900381855,"epoch":100,"val_loss":0.6769784580894381,"val_acc":0.5737648594791452,"lr":0.0001,"train_acc":0.6387048325823836,"_timestamp":1.7759300021136894e+09,"_runtime":4977}