{"_runtime":3370,"val_acc":0,"epoch":50,"_wandb":{"runtime":3370},"_timestamp":1.775828315801444e+09,"val_loss":-1.7536721503255813e+09,"_step":49,"train_loss":-1.7131257638592966e+09,"train_acc":0}